joint,python_urdf_fixedend,ros2_full_gripper_urdf,moveit_planner_limit,lerobot_dm_soft_limit,note
joint1,"[-2.800,2.800] rad / [-160.4,160.4] deg","[-2.800,2.800] rad / [-160.4,160.4] deg","{'has_velocity_limits': True, 'max_velocity': 1.0, 'has_acceleration_limits': True, 'max_acceleration': 1.0}","shoulder_pan [-145,145] deg",URDF limit là model kinematic/visual; MoveIt joint_limits.yaml là planner-level override; LeRobot là soft limit theo policy joint naming.
joint2,"[-3.140,0.000] rad / [-179.9,0.0] deg","[-3.140,0.000] rad / [-179.9,0.0] deg","{'has_velocity_limits': True, 'max_velocity': 1.0, 'has_acceleration_limits': True, 'max_acceleration': 1.0}","shoulder_lift [-170,0] deg",URDF limit là model kinematic/visual; MoveIt joint_limits.yaml là planner-level override; LeRobot là soft limit theo policy joint naming.
joint3,"[-3.140,0.000] rad / [-179.9,0.0] deg","[-3.140,0.000] rad / [-179.9,0.0] deg","{'has_velocity_limits': True, 'max_velocity': 1.0, 'has_acceleration_limits': True, 'max_acceleration': 1.0}","elbow_flex [-200,0] deg",URDF limit là model kinematic/visual; MoveIt joint_limits.yaml là planner-level override; LeRobot là soft limit theo policy joint naming.
joint4,"[-1.870,1.570] rad / [-107.1,90.0] deg","[-1.870,1.570] rad / [-107.1,90.0] deg","{'has_velocity_limits': True, 'max_velocity': 1.0, 'has_acceleration_limits': True, 'max_acceleration': 1.0}","wrist_flex [-80,90] deg",URDF limit là model kinematic/visual; MoveIt joint_limits.yaml là planner-level override; LeRobot là soft limit theo policy joint naming.
joint5,"[-1.570,1.570] rad / [-90.0,90.0] deg","[-1.570,1.570] rad / [-90.0,90.0] deg","{'has_velocity_limits': True, 'max_velocity': 1.0, 'has_acceleration_limits': True, 'max_acceleration': 1.0}","wrist_yaw [-90,90] deg",URDF limit là model kinematic/visual; MoveIt joint_limits.yaml là planner-level override; LeRobot là soft limit theo policy joint naming.
joint6,"[-3.140,3.140] rad / [-179.9,179.9] deg","[-3.140,3.140] rad / [-179.9,179.9] deg","{'has_velocity_limits': True, 'max_velocity': 1.0, 'has_acceleration_limits': True, 'max_acceleration': 1.0}","wrist_roll [-90,90] deg",URDF limit là model kinematic/visual; MoveIt joint_limits.yaml là planner-level override; LeRobot là soft limit theo policy joint naming.
gripper_joint1,,"[0.000,0.071] rad / [0.0,4.1] deg","{'has_velocity_limits': True, 'max_velocity': 0.2, 'has_acceleration_limits': True, 'max_acceleration': 0.5}",,URDF limit là model kinematic/visual; MoveIt joint_limits.yaml là planner-level override; LeRobot là soft limit theo policy joint naming.
gripper_joint2,,"[0.000,0.071] rad / [0.0,4.1] deg","{'has_velocity_limits': True, 'max_velocity': 0.2, 'has_acceleration_limits': True, 'max_acceleration': 0.5}",,URDF limit là model kinematic/visual; MoveIt joint_limits.yaml là planner-level override; LeRobot là soft limit theo policy joint naming.
gripper,,,{},"gripper [-270,0] deg",URDF limit là model kinematic/visual; MoveIt joint_limits.yaml là planner-level override; LeRobot là soft limit theo policy joint naming.
